Cohort ID	Likelihood Weights	Mortality Prob
0	0.0154373652576	0.0683830806584
1	2.2446872596e-25	0.110845429082
2	3.28436037062e-72	0.0100160124744
3	2.61667610917e-08	0.0523265601685
4	7.08995507693e-34	0.0305458247144
5	4.07005669103e-52	0.0229274032676
6	8.70377028602e-30	0.0360764295929
7	0.00020342081918	0.058378501786
8	0.0105243805345	0.0655474463923
9	3.42175959548e-09	0.0854343427605
10	0.0154508481708	0.0686872320165
11	2.11742340884e-24	0.105930730056
12	1.8223933478e-22	0.0386233149624
13	1.11279625287e-52	0.132936441095
14	4.82568306756e-66	0.0138342630477
15	7.70074960303e-15	0.103865451425
16	0.0098371307514	0.0684226723314
17	3.59349998035e-08	0.0882165759824
18	1.96118464308e-37	0.0296541714033
19	2.38435778577e-24	0.0377342084719
20	2.1134005407e-40	0.122104239615
21	7.06520504578e-73	0.145556620601
22	6.85690663504e-10	0.0538793849423
23	4.19678264543e-35	0.106925166194
24	3.31547584151e-59	0.132694481321
25	1.00467590841e-59	0.135244932891
26	1.23685841322e-51	0.0219061895918
27	3.83282646631e-67	0.0154676696526
28	1.13560691058e-24	0.033776258739
29	2.02426445015e-63	0.13293995048
30	4.98094057986e-37	0.0237685567366
31	0.00326893325561	0.0689550675007
32	1.84020588245e-69	0.144104534221
33	1.28604672209e-05	0.0846431398962
34	1.03257122222e-34	0.106862795953
35	0.000678409319465	0.0541721883408
36	6.62181672551e-22	0.106110129875
37	1.48854563684e-33	0.126847594066
38	8.45286209757e-63	0.0125603588282
39	1.03257122222e-34	0.115020204092
40	3.3476141915e-75	0.148440552447
41	3.13120626029e-51	0.114743191613
42	8.41793925988e-15	0.049262158889
43	4.11680224701e-42	0.120499105983
44	2.54236035309e-48	0.0244516409209
45	0.00155407293415	0.0727050936646
46	9.42079434339e-51	0.137203370433
47	3.27839319015e-07	0.0511059807723
48	1.2333538439e-06	0.0502885474021
49	4.8512598798e-35	0.0282040000966
50	6.19577045811e-70	0.0127113741018
51	1.0117364896e-18	0.105036974612
52	4.38864929701e-23	0.03962793624
53	9.90011311413e-13	0.0471765323121
54	0.000300468545122	0.0788202422992
55	4.60079977002e-56	0.0174707563164
56	1.72456873418e-11	0.0903764647689
57	4.12441518444e-33	0.0305420004868
58	2.7614193625e-11	0.0925027751665
59	1.14008555133e-31	0.107966170403
60	1.76352452187e-46	0.0243268200359
61	0.0058520787762	0.0679678382947
62	8.5805773424e-33	0.107216022082
63	0.0124741900593	0.0679850977338
64	1.39261905974e-57	0.0169934842525
65	4.36066611715e-07	0.0850254968282
66	3.91899641216e-20	0.102931250331
67	2.46155657745e-08	0.0820844756882
68	3.53559911071e-81	0.142243265839
69	3.42175959548e-09	0.0921177056703
70	9.5079060673e-45	0.13647626814
71	7.89807965722e-36	0.0292464585805
72	3.06079942769e-31	0.0294986886151
73	7.96009924873e-41	0.123034780419
74	0.00135829614746	0.065674757178
75	7.12598869873e-31	0.0331495875964
76	9.07615675769e-61	0.139851201255
77	1.2333538439e-06	0.0586872203644
78	4.19678264543e-35	0.115113694439
79	1.05087015482e-25	0.111639717949
80	8.38986505058e-50	0.133662852769
81	2.51016711149e-15	0.0973141089878
82	2.2446872596e-25	0.115131940764
83	8.1740292471e-05	0.0588457678769
84	4.73641917693e-11	0.0477899048471
85	3.55223251837e-58	0.135424070547
86	0.0153052873229	0.069932766582
87	1.11270210104e-66	0.145077606601
88	4.06589775828e-12	0.102881809695
89	1.09728503425e-10	0.0970374008293
90	3.16091540964e-36	0.0260644362135
91	3.02792208085e-60	0.142928496219
92	0.00363906127859	0.0729876986872
93	6.96549267041e-11	0.0909745460142
94	0.0018602757232	0.0671391523866
95	1.12054002438e-18	0.043183777234
96	5.20095867355e-47	0.136473132879
97	9.81152087853e-10	0.0903151281341
98	1.15774190529e-78	0.0104018457844
99	3.97253699131e-14	0.0964002879069
100	0.000130358279678	0.0557302862481
101	9.71525868257e-06	0.0837881343161
102	2.81904466001e-50	0.134031893904
103	0.00135829614746	0.0600177664003
104	3.12463459482e-67	0.137194921129
105	1.13634428463e-08	0.0972704162109
106	8.74251004394e-73	0.0122149739985
107	9.42079434339e-51	0.140121212724
108	1.62687159709e-22	0.106725568452
109	2.36594903505e-62	0.149625199063
110	1.96118464308e-37	0.0341276711683
111	1.03412724006e-23	0.029199004948
112	5.028977295e-70	0.140563364825
113	7.59060169049e-20	0.107554542609
114	3.3597742131e-50	0.0192400241811
115	1.51722859637e-42	0.115764827364
116	3.58360421732e-33	0.115542666385
117	1.20492819468e-54	0.139223434977
118	4.78087938161e-27	0.109613466208
119	4.12441518444e-33	0.0273979346761
120	1.3637026457e-66	0.0127832187376
121	2.26518102208e-69	0.0136695381629
122	2.26518102208e-69	0.0139629083229
123	8.41793925988e-15	0.0444695494644
124	9.42079434339e-51	0.130403912816
125	0.000196439853067	0.0854363490078
126	1.09728503425e-10	0.087395077016
127	1.17060732692e-53	0.12788432493
128	9.31460783595e-41	0.0273842641168
129	7.49548977321e-11	0.0490857150616
130	1.49601334127e-09	0.0920062980042
131	3.55223251837e-58	0.145743404765
132	9.12808500277e-13	0.0885442306958
133	1.22716808738e-71	0.0126106205122
134	7.35115497348e-44	0.122088574175
135	4.60783489325e-17	0.0426163983377
136	2.1134005407e-40	0.122994727387
137	0.0148528720419	0.064300490169
138	3.69506390838e-71	0.130895859638
139	4.44817627754e-28	0.114597029983
140	1.09728503425e-10	0.0878736327587
141	3.06079942769e-31	0.0291037315925
142	1.31630925292e-58	0.0183884765317
143	1.25818013543e-36	0.0269880838037
144	1.44165413025e-56	0.0162372629963
145	9.31460783595e-41	0.0250491780749
146	7.36357141338e-18	0.0415993074051
147	1.90198398238e-23	0.109818457254
148	4.39767174757e-11	0.0883603774876
149	1.81179034141e-77	0.0117578372223
150	4.60079977002e-56	0.0200763991565
151	3.68228059584e-78	0.1454186862
152	2.46155657745e-08	0.0895340646688
153	8.39930884086e-17	0.0384610528525
154	2.9767258027e-11	0.0453256042398
155	2.52674923633e-34	0.114135619571
156	7.40470414464e-22	0.0373601273553
157	2.19601632483e-07	0.0913902498183
158	3.53559911071e-81	0.145802798472
159	3.82010637998e-56	0.128556032209
160	1.55795730366e-15	0.0435786862807
161	0.00155407293415	0.0791277599976
162	1.62687159709e-22	0.0967938005734
163	9.5079060673e-45	0.126057325937
164	1.8223933478e-22	0.0319507952505
165	3.28436037062e-72	0.0126006683048
166	4.49290684888e-57	0.0198031001207
167	7.29945737904e-06	0.0780883155312
168	4.15196632908e-10	0.0948861246315
169	1.72456873418e-11	0.0896392011921
170	1.01664635185e-05	0.0544307373051
171	1.23547647038e-83	0.148406261618
172	4.15196632908e-10	0.0911643306944
173	0.00159392029547	0.0632197641673
174	5.45463094155e-06	0.0871327506765
175	4.11680224701e-42	0.114346820327
176	4.76871328315e-25	0.103692605083
177	1.63598467219e-07	0.0470887380728
178	1.21741284237e-59	0.01928687682
179	0.0154508481708	0.061811787708
180	9.12808500277e-13	0.098160450983
181	1.48046582e-21	0.0394243613881
182	1.99381058131e-28	0.115385777523
183	4.60079977002e-56	0.0193151073896
184	7.49548977321e-11	0.046444113801
185	9.94537133675e-39	0.122665638924
186	3.10822812262e-19	0.0370807995673
187	6.7897967153e-14	0.0995245233232
188	0.000125665056925	0.0834538432773
189	6.93932173417e-63	0.139473115856
190	6.85690663504e-10	0.0468615478682
191	4.3358790528e-53	0.0192345526958
192	3.91899641216e-20	0.11290923486
193	1.04366285127e-26	0.118104924136
194	3.12463459482e-67	0.13709421935
195	2.32348340584e-79	0.140476089688
196	1.81179034141e-77	0.0119532202166
197	2.9439311279e-21	0.042810692057
198	1.51008020754e-12	0.0963489699802
199	6.69717643958e-69	0.142862284896
200	3.02792208085e-60	0.143024656695
201	5.21751922164e-08	0.0879314463473
202	9.42079434339e-51	0.138184888967
203	4.18226761433e-17	0.0998192692525
204	0.00371286965295	0.0646010799798
205	0.00243700681931	0.0780386933936
206	1.08211305956e-07	0.0946034676088
207	0.00280067275286	0.0869367090112
208	8.66432079326e-76	0.139665399739
209	1.11270210104e-66	0.138622680989
210	0.0111985869851	0.0652825858093
211	3.12463459482e-67	0.144856753982
212	1.1211761037e-27	0.0343537933353
213	1.01231806796e-28	0.0276861327215
214	4.12441518444e-33	0.0289110821265
215	0.000157544328448	0.0807927031948
216	3.28436037062e-72	0.0130134727384
217	3.94091588786e-66	0.14271582957
218	6.82064045763e-36	0.125796165964
219	4.56032598963e-71	0.0121026573039
220	2.34766224626e-32	0.0346674757805
221	1.78426713394e-08	0.0564889004114
222	5.55558907007e-32	0.0283395582735
223	1.99381058131e-28	0.123328696898
224	0.000252047078317	0.0582631313757
225	1.45399666691e-77	0.141615047527
226	5.45463094155e-06	0.0914819851926
227	3.72401351765e-57	0.133036477818
228	1.15328601056e-57	0.128262822355
229	2.48339945143e-49	0.136754924619
230	0.00155407293415	0.0743832372144
231	3.10295092244e-07	0.0864885542429
232	5.20095867355e-47	0.121804502761
233	2.61667610917e-08	0.0500006392428
234	1.69315887386e-05	0.0786354931668
235	1.72456873418e-11	0.0938754430704
236	1.08654206892e-81	0.0121746585771
237	5.48779553883e-13	0.0930873971475
238	0.00326893325561	0.0707146888585
239	1.49006950319e-46	0.123030474044
240	1.78426713394e-08	0.0541342724334
241	6.23380072576e-48	0.135004419194
242	4.06589775828e-12	0.0909000101398
243	2.11029173074e-18	0.0357614282278
244	1.69649085896e-35	0.120310092736
245	6.96549267041e-11	0.0956843647863
246	4.29314781114e-58	0.0175472980903
247	0.00845528021941	0.0688271152002
248	6.66601026284e-18	0.105069637119
249	3.3476141915e-75	0.138604248917
250	1.0768162922e-75	0.0100562834848
251	2.42412858717e-68	0.146746280864
252	0.00326893325561	0.0627212440644
253	1.28639654024e-74	0.14632969537
254	4.4085779634e-15	0.0946602541364
255	5.56135501447e-43	0.126038413117
256	6.6174787013e-12	0.0904596106591
257	1.07119179401e-11	0.097930667763
258	4.45231024812e-10	0.0499806794374
259	2.48461407622e-12	0.0921566676919
260	6.14954318174e-34	0.115003046918
261	3.72401351765e-57	0.1301639371
262	4.89306360063e-26	0.115711506385
263	4.76871328315e-25	0.107728014783
264	1.38820629547e-65	0.131027120208
265	0.000163285536134	0.0551753395571
266	1.38452874805e-16	0.10391043071
267	0.000545685648039	0.0731223510979
268	0.00711118393145	0.0634943852844
269	0.0144370322178	0.0675135889891
270	0.0118513684195	0.0662071416857
271	4.33115075639e-14	0.0544337524342
272	1.72456873418e-11	0.0970687115088
273	0.0130585453232	0.070234617915
274	3.3476141915e-75	0.14633229091
275	7.9983281259e-23	0.104892124801
276	3.95272141765e-18	0.0377997843798
277	0.00766742163747	0.0697381413087
278	0.00020342081918	0.0580684735684
279	1.08464640571e-36	0.121669432554
280	6.23380072576e-48	0.133199760399
281	7.31099981074e-49	0.136537873816
282	5.22038307308e-21	0.102780773733
283	4.60319976823e-07	0.0478291566842
284	7.15214735071e-12	0.0453313382106
285	3.61904641599e-53	0.129685711978
286	7.53440662363e-08	0.0838800504832
287	6.60346857827e-38	0.122302551761
288	1.67702904341e-08	0.0901483924068
289	1.90198398238e-23	0.11263995354
290	6.17278750834e-05	0.082661627845
291	1.20328508004e-45	0.11792374747
292	4.15196632908e-10	0.0896401186987
293	0.00411444015175	0.0751993830029
294	7.64513677983e-06	0.0579764471135
295	4.60992220483e-55	0.0195493087783
296	0.00115122688573	0.0629093851059
297	1.1213554015e-44	0.0211476508778
298	2.32348340584e-79	0.147594395922
299	1.18243684524e-26	0.0354257991863
300	7.35115497348e-44	0.123660217681
301	2.14064943602e-48	0.132494630294
302	4.4085779634e-15	0.106377855334
303	6.39993826131e-10	0.0897292177844
304	3.79998081259e-30	0.0325360011542
305	0.0144370322178	0.0753632031869
306	8.1740292471e-05	0.0583240871617
307	7.15214735071e-12	0.041505594094
308	1.51008020754e-12	0.0929516616272
309	3.01088630662e-05	0.0537177772783
310	9.07615675769e-61	0.138282777486
311	2.70581355162e-61	0.137348973493
312	7.36357141338e-18	0.0459965611295
313	9.86687675056e-33	0.0255247821042
314	2.34766224626e-32	0.0370147824827
315	0.0117483546863	0.079941783895
316	4.44817627754e-28	0.112001993516
317	4.60783489325e-17	0.0391472213772
318	7.3962737629e-14	0.0447246981728
319	1.80550570858e-47	0.129234062491
320	0.0098371307514	0.0682188205575
321	5.21751922164e-08	0.0963359094017
322	1.36432986365e-17	0.0427132594935
323	1.76352452187e-46	0.0242754163196
324	0.000243609945278	0.0822199823756
325	0.000196439853067	0.076799738187
326	4.12441518444e-33	0.031374030173
327	5.48779553883e-13	0.0970528724437
328	1.71919705536e-10	0.086161416634
329	2.63727477624e-21	0.101579228576
330	2.34766224626e-32	0.0302363756175
331	1.68774003046e-37	0.115213894399
332	1.52275059574e-16	0.041086879572
333	0.000196439853067	0.0827092554112
334	1.46562962929e-39	0.119941443951
335	4.01401150852e-59	0.0131262599189
336	0.00020342081918	0.0554107443617
337	2.81904466001e-50	0.132209132696
338	2.72732803007e-36	0.128259345064
339	5.45463094155e-06	0.0853816829632
340	1.03508118965e-51	0.131325158383
341	3.31547584151e-59	0.14297283879
342	2.52674923633e-34	0.125696979668
343	1.1959803927e-56	0.129576162137
344	1.42162554466e-45	0.0238240762548
345	1.4622314686e-19	0.101182606528
346	4.42556617197e-24	0.108492378341
347	5.13291871578e-09	0.0954337137705
348	1.04366285127e-26	0.121946136643
349	4.56032598963e-71	0.014839970782
350	1.11098342212e-41	0.117833422838
351	1.44246621477e-30	0.112442004104
352	7.49548977321e-11	0.0463577750618
353	1.05029098787e-09	0.0459897018351
354	3.28136661508e-13	0.0985224644402
355	0.00215936780887	0.0583416446228
356	6.22411575413e-31	0.121522414921
357	0.0124741900593	0.0724604724805
358	1.49006950319e-46	0.11958491807
359	1.67713580932e-85	0.148666049707
360	0.000310603626784	0.0520347675347
361	9.86687675056e-33	0.0300208159561
362	1.1959803927e-56	0.136183181089
363	6.09493881636e-07	0.0858183130442
364	1.45399666691e-77	0.14646365192
365	4.48483512498e-16	0.0991246160003
366	7.06520504578e-73	0.149147823445
367	1.17143484771e-06	0.08644991258
368	6.09493881636e-07	0.0836996307468
369	7.68005257735e-38	0.0289599064301
370	0.00286247030592	0.0597987239377
371	4.82568306756e-66	0.0136705994215
372	2.56501455455e-26	0.0324553251328
373	1.08464640571e-36	0.114389206979
374	1.3637026457e-66	0.01425595659
375	0.0018602757232	0.0613160336141
376	2.48339945143e-49	0.130728475397
377	5.33840761708e-19	0.106974880451
378	9.19959172336e-24	0.106731899889
379	1.48046582e-21	0.0364091521337
380	0.015486149919	0.0718665993048
381	4.36066611715e-07	0.0914208370282
382	9.28788862222e-87	0.148565239073
383	4.33115075639e-14	0.0385468715326
384	8.41793925988e-15	0.0446826062467
385	4.45231024812e-10	0.0467042317282
386	6.14954318174e-34	0.115024137862
387	0.0140055632067	0.073976545841
388	1.44737680227e-54	0.0179701213776
389	2.99661341782e-06	0.0811922736854
390	4.38864929701e-23	0.0396744230501
391	2.81904466001e-50	0.121804594266
392	6.85690663504e-10	0.051626393411
393	1.31630925292e-58	0.0138648416736
394	4.48483512498e-16	0.093080542925
395	1.11279625287e-52	0.12813766005
396	0.00326893325561	0.0633422573687
397	6.22411575413e-31	0.114980163502
398	9.96930487686e-05	0.0815598069616
399	1.08211305956e-07	0.0857332526947
400	2.70581355162e-61	0.144320804949
401	2.65094634247e-44	0.12255452481
402	7.16640105857e-64	0.0145252293273
403	2.02744371263e-43	0.109314215172
404	0.00903380895676	0.0751002074189
405	1.21357170091e-55	0.142656851795
406	4.60783489325e-17	0.0410005828053
407	9.90011311413e-13	0.0473900827558
408	2.95458458256e-49	0.0214063550828
409	0.0124741900593	0.0700066360129
410	3.12377819615e-44	0.0252626269627
411	6.7897967153e-14	0.0987301464857
412	6.60346857827e-38	0.122414853232
413	7.9983281259e-23	0.107552069457
414	7.62214816999e-30	0.117269593351
415	3.01088630662e-05	0.0579435767781
416	1.49006950319e-46	0.128419207624
417	0.0124741900593	0.0700276284999
418	9.42079434339e-51	0.125361381858
419	7.70074960303e-15	0.0977094622074
420	1.65003810375e-30	0.0300792268138
421	8.69055423369e-49	0.0209741659797
422	2.26518102208e-69	0.0125665700078
423	1.44737680227e-54	0.0193414996695
424	0.00371286965295	0.0742017339192
425	1.25818013543e-36	0.0258678691875
426	5.94501260641e-65	0.0138896688388
427	3.94097308749e-29	0.115680607395
428	0.00419422706661	0.0652790672645
429	1.90198398238e-23	0.114571389385
430	0.0057558094707	0.0733366757445
431	0.013513312382	0.0730121445801
432	7.86599759337e-05	0.0769301509405
433	0.0104147009296	0.0763605497187
434	1.44246621477e-30	0.122442867896
435	0.00115122688573	0.0663349527801
436	3.55223251837e-58	0.136656062448
437	2.97874868047e-68	0.0151885467136
438	1.03257122222e-34	0.118342407981
439	6.51885820171e-40	0.0275897933593
440	3.97253699131e-14	0.0965918993677
441	1.81179034141e-77	0.0114509965869
442	3.42175959548e-09	0.0854078195607
443	4.59240893774e-78	0.0104225139267
444	4.91646455806e-74	0.143167129969
445	2.23034595581e-76	0.136756284718
446	3.58360421732e-33	0.121435371872
447	3.61904641599e-53	0.138138404788
448	1.25818013543e-36	0.0303781523622
449	1.1925564207e-34	0.0320822097819
450	1.01231806796e-28	0.0362684342063
451	1.71919705536e-10	0.097149426322
452	4.91646455806e-74	0.136813329441
453	5.028977295e-70	0.14859372497
454	4.78087938161e-27	0.109557144227
455	1.04366285127e-26	0.11245205728
456	1.11279625287e-52	0.137301048636
457	0.000464057708631	0.066122322532
458	5.82231224384e-21	0.0449790952315
459	3.79998081259e-30	0.0342802239102
460	1.25818013543e-36	0.0267239870467
461	1.11098342212e-41	0.123765482325
462	1.1925564207e-34	0.0305509322784
463	8.41793925988e-15	0.0470016475818
464	2.56966947938e-38	0.124672485009
465	5.95713645548e-13	0.0534822152512
466	4.91646455806e-74	0.147538442901
467	3.81661760152e-08	0.0473294183012
468	5.45463094155e-06	0.084711468296
469	8.92838993164e-07	0.054025381566
470	1.84020588245e-69	0.137508196364
471	0.0151316335445	0.0613179301392
472	0.0140055632067	0.0707029258182
473	0.00181535372092	0.081720976919
474	3.3476141915e-75	0.141444106832
475	2.97874868047e-68	0.014332860878
476	4.78087938161e-27	0.110363012908
477	2.14064943602e-48	0.134742653601
478	4.1568403936e-75	0.0138202112924
479	1.28604672209e-05	0.0830871746154
480	0.000130358279678	0.0556385736478
481	1.17060732692e-53	0.130328504921
482	1.13634428463e-08	0.0881923171292
483	2.2446872596e-25	0.106631901543
484	0.000545685648039	0.0733994899932
485	3.97253699131e-14	0.097963265253
486	5.47546634235e-09	0.0506135592362
487	7.23885556634e-80	0.0113088009153
488	4.4085779634e-15	0.0907458308982
489	0.00020342081918	0.0536021899785
490	0.000300468545122	0.0824174637902
491	6.93932173417e-63	0.138296819428
492	0.0098371307514	0.0697064703902
493	1.55795730366e-15	0.0446354451243
494	0.00419422706661	0.0619811265791
495	8.66432079326e-76	0.140460556329
496	1.11270210104e-66	0.141161573383
497	1.80550570858e-47	0.128206192799
498	1.00467590841e-59	0.138828912003
499	1.14525428542e-20	0.0419060405932
500	2.95458458256e-49	0.0222475093375
501	2.69005483196e-12	0.0418233630799
502	4.60319976823e-07	0.054012726256
503	1.48046582e-21	0.0344672226899
504	5.48779553883e-13	0.0949931826761
505	0.00777527333661	0.0679020981002
506	1.11098342212e-41	0.124289211656
507	2.11029173074e-18	0.0359182557577
508	1.4622314686e-19	0.108262714166
509	2.69005483196e-12	0.0436497874789
510	5.13291871578e-09	0.0903906724377
511	3.01088630662e-05	0.0588582636109
512	4.3358790528e-53	0.0179750159276
513	4.82336864693e-15	0.0420339139345
514	1.38452874805e-16	0.10297435775
515	0.00210906375831	0.0796150130705
516	2.20303437301e-06	0.0826622377703
517	5.05727183689e-28	0.0344608210152
518	1.71919705536e-10	0.0899002192165
519	3.95752185781e-86	0.149545479529
520	9.42079434339e-51	0.124356915231
521	1.07119179401e-11	0.0932121673363
522	2.23034595581e-76	0.146638469566
523	2.02426445015e-63	0.136218761854
524	2.46155657745e-08	0.0933851107044
525	2.26518102208e-69	0.014539685544
526	2.95458458256e-49	0.0231007934144
527	3.67227951908e-60	0.0191520401059
528	0.0140791179581	0.0732426408168
529	0.0058520787762	0.0625608766435
530	4.91646455806e-74	0.146549004798
531	5.53401458938e-26	0.0335176610479
532	1.28639654024e-74	0.146190262871
533	9.19959172336e-24	0.117446481641
534	2.72732803007e-36	0.125393297547
535	2.31162676555e-14	0.0985662143489
536	2.63727477624e-21	0.103622587829
537	2.88732318747e-05	0.076763526693
538	2.97874868047e-68	0.0118390899692
539	1.34460010119e-05	0.0594208519759
540	0.0011204885679	0.0788900522091
541	3.94097308749e-29	0.112212769553
542	0.013513312382	0.0756079679845
543	0.00636769326966	0.0740366882525
544	4.12441518444e-33	0.0292727837324
545	4.56032598963e-71	0.0115244227325
546	2.65094634247e-44	0.116158956467
547	1.69449706376e-06	0.0547933973309
548	8.66432079326e-76	0.147813683027
549	4.35943845304e-20	0.0408327916623
550	0.00115122688573	0.0574191235674
551	5.13291871578e-09	0.0833454589933
552	2.67108838094e-31	0.115684803988
553	0.0144370322178	0.074940089746
554	1.30230275919e-41	0.0274751560356
555	1.21006407858e-08	0.0537501929889
556	1.61083261058e-06	0.0806326837581
557	8.00620328893e-16	0.104338861122
558	2.98190454841e-41	0.117820993884
559	4.46408894353e-39	0.0282470093336
560	1.68549050781e-70	0.0132081183851
561	0.000658568382674	0.0826715251097
562	4.44817627754e-28	0.123398419493
563	8.23662124137e-69	0.0117645273842
564	6.62181672551e-22	0.104145778252
565	1.32509487903e-21	0.106153151732
566	0.00903380895676	0.0728945455021
567	3.61904641599e-53	0.138070416144
568	2.67898602191e-10	0.100210551866
569	2.65124134367e-82	0.0107335772712
570	0.00280067275286	0.077819982372
571	1.11279625287e-52	0.130304492854
572	1.46562962929e-39	0.126255939805
573	1.38452874805e-16	0.100881587596
574	3.91096332016e-23	0.104317779346
575	1.71919705536e-10	0.0909899411705
576	7.49548977321e-11	0.0483767685234
577	0.000196439853067	0.088474198675
578	7.59060169049e-20	0.104042169874
579	0.00159392029547	0.0593401482303
580	2.81904466001e-50	0.129815971416
581	3.95272141765e-18	0.0373052480412
582	8.5805773424e-33	0.114624913446
583	4.60319976823e-07	0.0505443844662
584	4.42556617197e-24	0.118331900214
585	0.0148528720419	0.0698832261071
586	1.46562962929e-39	0.123077777276
587	0.000252047078317	0.0594948807735
588	3.95272141765e-18	0.0399170532681
589	1.4622314686e-19	0.117419831179
590	1.2333538439e-06	0.0532098726683
591	1.04366285127e-26	0.112654309482
592	3.91096332016e-23	0.114226241431
593	7.36357141338e-18	0.0409955381271
594	4.82336864693e-15	0.0399756991549
595	1.12054002438e-18	0.0378527092798
596	1.25818013543e-36	0.0299525672872
597	0.00914489938171	0.062791563889
598	1.3637026457e-66	0.0137279038568
599	3.16091540964e-36	0.0255288516648
600	1.0277511014e-20	0.104438963327
601	6.82064045763e-36	0.121968715166
602	9.99042506691e-50	0.021274133798
603	2.51413650592e-17	0.042438323468
604	1.01231806796e-28	0.0390675926525
605	7.35115497348e-44	0.138426698831
606	3.28136661508e-13	0.109584032539
607	2.46155657745e-08	0.0875438455472
608	2.32220652764e-07	0.0526325183089
609	1.1959803927e-56	0.126879566668
610	0.00777527333661	0.0709428340681
611	3.82010637998e-56	0.139283870117
612	2.63727477624e-21	0.108847252607
613	0.00700642451771	0.0769243831151
614	4.8512598798e-35	0.0276694145249
615	3.75546364181e-97	0.146646097065
616	1.03412724006e-23	0.0323767110482
617	5.91767127337e-19	0.0383642975308
618	0.000196439853067	0.0703654457225
619	0.00914489938171	0.0665882668085
620	2.34766224626e-32	0.030545207307
621	1.73788540065e-29	0.112104648711
622	4.97912934164e-24	0.0364243093628
623	9.12808500277e-13	0.100145390204
624	4.29020034241e-37	0.115602833081
625	4.97912934164e-24	0.0395025348917
626	6.96549267041e-11	0.0941335947351
627	2.72732803007e-36	0.114849972534
628	8.00620328893e-16	0.0993506194868
629	7.53440662363e-08	0.0935978224125
630	6.42831563387e-07	0.0513675199918
631	3.29113671637e-22	0.112424905974
632	7.06520504578e-73	0.1423431816
633	0.0058520787762	0.0695785946366
634	2.1134005407e-40	0.119505454356
635	4.60079977002e-56	0.0178597455527
636	5.20095867355e-47	0.126938024349
637	1.13560691058e-24	0.0369150023551
638	8.1740292471e-05	0.0653135616446
639	5.47546634235e-09	0.0520113464295
640	3.3597742131e-50	0.0212145101328
641	2.36594903505e-62	0.136648340411
642	0.00135829614746	0.0618215848575
643	7.65804415822e-09	0.0842976413867
644	0.00972611856474	0.0791762772255
645	3.06079942769e-31	0.028502559872
646	1.48046582e-21	0.0389035682445
647	1.4036970562e-53	0.0206664332645
648	0.000243609945278	0.0811090379923
649	8.41793925988e-15	0.0466169372566
650	0.00215936780887	0.0599886252436
651	4.00354722576e-45	0.0251291460176
652	1.68774003046e-37	0.120257257551
653	4.00354722576e-45	0.0249217427504
654	5.028977295e-70	0.14799923532
655	5.42131523e-27	0.0348025630214
656	6.7897967153e-14	0.0901367157409
657	4.60992220483e-55	0.0162783468425
658	3.58360421732e-33	0.120196280552
659	1.03412724006e-23	0.0365448326946
660	0.000368588346615	0.0839065569771
661	2.80152585999e-19	0.113610856042
662	1.98276855789e-29	0.0309904078884
663	1.13634428463e-08	0.0871522043862
664	4.38864929701e-23	0.040326409166
665	4.78087938161e-27	0.116287446904
666	4.76871328315e-25	0.111208127098
667	1.13560691058e-24	0.0347168647988
668	6.23380072576e-48	0.130675318073
669	2.26518102208e-69	0.0127685139323
670	2.98190454841e-41	0.130433179639
671	4.39767174757e-11	0.0882465335625
672	0.013513312382	0.0664508660948
673	6.60346857827e-38	0.116224570343
674	4.19678264543e-35	0.110370060237
675	1.00467590841e-59	0.148225664473
676	1.63636940666e-12	0.0489319068058
677	2.3145153367e-73	0.0105311141373
678	1.38820629547e-65	0.140746365164
679	1.15328601056e-57	0.130105594635
680	2.26595483816e-26	0.112039122853
681	3.73983224497e-05	0.082336429609
682	5.33840761708e-19	0.108973874335
683	2.17818084655e-27	0.119274137963
684	0.000464057708631	0.0624826320952
685	2.98190454841e-41	0.117845153546
686	6.82064045763e-36	0.115087404685
687	6.6174787013e-12	0.0958495696162
688	0.00646854709746	0.0662612293555
689	1.32509487903e-21	0.107623122697
690	8.74251004394e-73	0.0104358000955
691	1.48854563684e-33	0.118485530541
692	1.20492819468e-54	0.135498324344
693	1.52275059574e-16	0.0435041990413
694	1.96118464308e-37	0.0269074058033
695	5.47546634235e-09	0.0408397582911
696	1.84678162633e-10	0.0522935423806
697	2.48339945143e-49	0.133623991199
698	5.13291871578e-09	0.0860433002333
699	6.85690663504e-10	0.0501396309449
700	4.12441518444e-33	0.029369656571
701	3.56511485783e-13	0.0506202248346
702	1.08211305956e-07	0.0959419525638
703	1.14629449183e-07	0.0553793941856
704	0.00320115405039	0.0740304254367
705	0.0057558094707	0.0721763949823
706	5.58063645841e-40	0.125938950502
707	0.015486149919	0.0696887415931
708	5.01519818104e-05	0.0583978349646
709	2.63727477624e-21	0.104496024673
710	1.46116649706e-14	0.0410074878027
711	0.00280067275286	0.0754144153497
712	8.1740292471e-05	0.0540671962254
713	2.49864718273e-16	0.0977597843028
714	9.42079434339e-51	0.132830466457
715	0.0110915600086	0.0726764600204
716	9.5079060673e-45	0.119824038631
717	0.00834527842928	0.0739751980786
718	5.33840761708e-19	0.10187210644
719	1.9627669284e-35	0.0284577365039
720	0.0098371307514	0.0706174109755
721	3.82010637998e-56	0.137303678412
722	1.15420826534e-13	0.0947670601443
723	5.58063645841e-40	0.117348442213
724	6.17278750834e-05	0.0806580851334
725	0.000545685648039	0.0797277874759
726	7.31099981074e-49	0.128005977627
727	1.33204689863e-52	0.0194929708077
728	3.10295092244e-07	0.090258118017
729	3.83436993347e-55	0.141986760561
730	2.20303437301e-06	0.0825004067441
731	1.8223933478e-22	0.0372252133339
732	3.76588374758e-54	0.128711514942
733	3.65330024146e-09	0.0452294799298
734	9.19959172336e-24	0.108101645108
735	9.96930487686e-05	0.0856365316556
736	1.15328601056e-57	0.142837080359
737	6.6174787013e-12	0.0974071383364
738	9.5079060673e-45	0.127316914687
739	7.10908837417e-77	0.0111106026672
740	3.3476141915e-75	0.148507607863
741	3.73833401916e-51	0.0208800398465
742	0.000380688680644	0.0550981319061
743	1.36688356392e-70	0.142461335364
744	4.42876274238e-81	0.011251474332
745	2.1134005407e-40	0.125182200759
746	4.11680224701e-42	0.130569629371
747	0.0140055632067	0.0715763139892
748	2.12201324505e-13	0.0458043271328
749	2.52674923633e-34	0.122376532749
750	0.00462669335449	0.0769006806205
751	3.06079942769e-31	0.0288074052118
752	6.69717643958e-69	0.139898858996
753	9.93461344236e-72	0.135435795381
754	5.45463094155e-06	0.0788163210024
755	1.46562962929e-39	0.129938349512
756	0.0154508481708	0.068600923607
757	2.01238983629e-20	0.105685086023
758	0.00215936780887	0.0657186895171
759	0.000300468545122	0.0808038824431
760	4.97912934164e-24	0.0365372383967
761	8.6665850274e-82	0.145098449376
762	2.42431028381e-09	0.0511901963542
763	4.46408894353e-39	0.0244843378563
764	8.70377028602e-30	0.0302041560321
765	7.23885556634e-80	0.0119729211869
766	8.5805773424e-33	0.110232397925
767	2.48461407622e-12	0.0890297648337
768	2.98190454841e-41	0.121240969166
769	0.000243609945278	0.0809911892598
770	2.04339143079e-32	0.120854945531
771	1.73788540065e-29	0.107406989998
772	3.82827675656e-39	0.11889878676
773	0.0098371307514	0.0669076016568
774	1.42149498233e-15	0.100687888646
775	4.97912934164e-24	0.035171201677
776	1.2333538439e-06	0.0550547948743
777	1.13560691058e-24	0.0341646468168
778	0.0151316335445	0.0672092115019
779	7.3962737629e-14	0.0437986247152
780	0.00711118393145	0.0669690791781
781	4.86350581839e-65	0.146531127941
782	1.69449706376e-06	0.0548447056151
783	2.32348340584e-79	0.147548732296
784	1.38452874805e-16	0.0990828576198
785	0.00371286965295	0.0625127425751
786	4.29020034241e-37	0.130047829872
787	2.51016711149e-15	0.0967421435116
788	2.42431028381e-09	0.0452846312183
789	1.11098342212e-41	0.120999794917
790	0.0098371307514	0.0706113912228
791	3.27839319015e-07	0.0600515634263
792	0.00020342081918	0.0562387711135
793	3.91096332016e-23	0.107631642586
794	1.25620709171e-13	0.0476110173469
795	2.26595483816e-26	0.123158921919
796	3.65330024146e-09	0.051340431216
797	2.21705905643e-05	0.0861769937019
798	2.21705905643e-05	0.0783090088527
799	3.55223251837e-58	0.129749897763
800	3.83436993347e-55	0.134374100815
801	2.11029173074e-18	0.0358138219315
802	2.67898602191e-10	0.0919487842514
803	6.93932173417e-63	0.135748706442
804	0.00462669335449	0.0724564106648
805	7.35115497348e-44	0.139061562768
806	4.39824583119e-12	0.049058724664
807	6.7897967153e-14	0.0952363643871
808	8.00620328893e-16	0.105543519367
809	1.63636940666e-12	0.0419488026691
810	6.19577045811e-70	0.0119274517581
811	0.0129676607729	0.0683413547319
812	9.93461344236e-72	0.14138746486
813	7.64513677983e-06	0.0580239353763
814	1.44246621477e-30	0.119164201368
815	5.82231224384e-21	0.0344630837958
816	2.31395742806e-05	0.0578733970823
817	9.86687675056e-33	0.0302436809173
818	3.29113671637e-22	0.11034791398
819	2.63727477624e-21	0.107903067318
820	1.90198398238e-23	0.106389624513
821	4.73641917693e-11	0.0454754448281
822	2.11742340884e-24	0.106930417027
823	1.63636940666e-12	0.0418216557282
824	0.0130585453232	0.0694508762304
825	0.000163285536134	0.0620690970335
826	0.00115122688573	0.0597431076268
827	3.3597742131e-50	0.0180716730138
828	4.48483512498e-16	0.0984305277612
829	2.26595483816e-26	0.109024324375
830	5.48779553883e-13	0.0959024172304
831	3.57515221438e-18	0.100763785863
832	1.03412724006e-23	0.0337916999904
833	1.15870097063e-38	0.0309225518514
834	2.20303437301e-06	0.0819845060936
835	7.35115497348e-44	0.13254658169
836	5.53401458938e-26	0.0357534818166
837	0.00903380895676	0.0747974766192
838	0.0151316335445	0.0700505267642
839	0.00181535372092	0.0796204860287
840	1.01231806796e-28	0.032611507868
841	0.000464057708631	0.0579416897589
842	1.14629449183e-07	0.0466632565745
843	3.55223251837e-58	0.128233772052
844	2.56966947938e-38	0.122046514409
845	0.0151316335445	0.0697294821575
846	4.06589775828e-12	0.0949821645105
847	1.65003810375e-30	0.0303651854373
848	0.0144370322178	0.0813458611905
849	1.14629449183e-07	0.0515725920102
850	3.13120626029e-51	0.1303511335
851	2.2446872596e-25	0.104023773327
852	9.12808500277e-13	0.0986863617671
853	2.34766224626e-32	0.0274651820097
854	0.00903380895676	0.0758823031298
855	3.69506390838e-71	0.148120189142
856	8.6665850274e-82	0.14276188437
857	4.4085779634e-15	0.100311989636
858	1.15870097063e-38	0.0312414819445
859	4.39767174757e-11	0.0994777588208
860	7.86599759337e-05	0.0891926957561
861	0.0117483546863	0.0756132172726
862	0.00914489938171	0.0699252457256
863	3.42175959548e-09	0.0938977657921
864	1.11098342212e-41	0.128995784392
865	2.2446872596e-25	0.115156945652
866	3.10295092244e-07	0.0911104756416
867	1.15328601056e-57	0.139458585415
868	1.46030701519e-55	0.0190635976818
869	7.06889820745e-85	0.148788511222
870	4.60992220483e-55	0.0174192359735
871	4.35943845304e-20	0.0379293764594
872	0.00636769326966	0.0691853726302
873	1.96118464308e-37	0.0250512426659
874	2.01238983629e-20	0.0973138575397
875	1.21741284237e-59	0.0167189589668
876	9.90011311413e-13	0.049847343341
877	1.4036970562e-53	0.0185451353568
878	1.0277511014e-20	0.108492706355
879	1.62687159709e-22	0.103583863463
880	0.000970433911707	0.0630012830551
881	2.13615683192e-23	0.0363471964042
882	4.19678264543e-35	0.114580676064
883	7.64513677983e-06	0.0576531007072
884	8.5805773424e-33	0.121342163437
885	0.00181535372092	0.0783061314851
886	0.000196439853067	0.0835937222091
887	8.74251004394e-73	0.0139887189288
888	1.05087015482e-25	0.100192482783
889	0.00777527333661	0.0590919103405
890	2.12201324505e-13	0.0420887038209
891	0.0118513684195	0.0707436726696
892	0.000163285536134	0.0635454440179
893	0.000943698632836	0.0757704656121
894	2.11286415219e-82	0.147127669585
895	3.89647536467e-05	0.0610129298516
896	1.14008555133e-31	0.118417418667
897	2.67898602191e-10	0.087387463517
898	3.82010637998e-56	0.134478352475
899	4.25335591341e-06	0.0596933991609
900	4.73641917693e-11	0.0443726152261
901	1.69466342442e-64	0.137542693552
902	1.21741284237e-59	0.0160947969261
903	2.32348340584e-79	0.143105479929
904	3.10295092244e-07	0.0878969681939
905	0.00371286965295	0.0626908503362
906	8.6665850274e-82	0.149307325127
907	4.29314781114e-58	0.0181707704607
908	0.00243700681931	0.0823388903675
909	1.3637026457e-66	0.0143535905638
910	6.17278750834e-05	0.0899646034861
911	3.06079942769e-31	0.0352655912593
912	6.96549267041e-11	0.0983342880475
913	1.45399666691e-77	0.147329314605
914	3.31547584151e-59	0.13248635717
915	0.00636769326966	0.0732570749189
916	3.29113671637e-22	0.109184521807
917	9.5079060673e-45	0.118845625
918	2.99661341782e-06	0.0792780317856
919	0.000658568382674	0.0839946886249
920	2.99122091525e-38	0.0311098157721
921	0.00215936780887	0.0617159895857
922	1.30756473755e-31	0.0299109754302
923	7.59060169049e-20	0.111765125468
924	0.00155407293415	0.0767818192163
925	0.0124741900593	0.0728430371389
926	1.21357170091e-55	0.134039715963
927	6.96549267041e-11	0.0838666281236
928	0.0148010954651	0.0672727164684
929	2.52250601251e-14	0.0476448831098
930	2.38489777193e-43	0.0200816849238
931	0.015486149919	0.0685390587215
932	2.97874868047e-68	0.0136054875369
933	5.53663526746e-08	0.0507615516773
934	0.00132318363275	0.0804913313788
935	1.28639654024e-74	0.145230629103
936	1.1213554015e-44	0.0253136079871
937	1.4622314686e-19	0.10422574759
938	0.000196439853067	0.0799905319539
939	2.56966947938e-38	0.118793752099
940	1.1211761037e-27	0.0301049797024
941	4.07005669103e-52	0.021648369101
942	0.00056261668196	0.0658906047493
943	1.68774003046e-37	0.121574715277
944	1.12054002438e-18	0.0368346034474
945	7.62214816999e-30	0.117488806901
946	1.63636940666e-12	0.0506417195887
947	3.68345715862e-22	0.0403648082657
948	6.19577045811e-70	0.0123401824708
949	0.00115122688573	0.0658122683891
950	0.0018602757232	0.0633514087811
951	1.05087015482e-25	0.102308291067
952	1.33204689863e-52	0.0199285760659
953	5.05727183689e-28	0.0313645581859
954	6.0942823615e-74	0.0123206236061
955	4.82995998822e-42	0.0259314899026
956	1.4622314686e-19	0.101250498641
957	0.0135961463588	0.0663719593045
958	1.2333538439e-06	0.0549436839834
959	2.31162676555e-14	0.0881076791941
960	2.42412858717e-68	0.149084464834
961	1.80550570858e-47	0.126828111963
962	9.19959172336e-24	0.107947245536
963	1.17060732692e-53	0.138556202478
964	8.23662124137e-69	0.0155620189356
965	4.49290684888e-57	0.0198466818262
966	0.000545685648039	0.0763608805983
967	1.01664635185e-05	0.058883437814
968	4.86350581839e-65	0.141215288698
969	9.71525868257e-06	0.0785390945603
970	0.000125665056925	0.0855508754131
971	5.87294669522e-64	0.135336451202
972	0.00777527333661	0.0725289064153
973	1.51722859637e-42	0.132784814498
974	8.78245592003e-16	0.045501444912
975	9.90011311413e-13	0.0483333585821
976	0.000130358279678	0.0559705946123
977	2.20303437301e-06	0.0866589978673
978	1.46116649706e-14	0.0408180143638
979	7.63022957839e-17	0.104000083951
980	1.01231806796e-28	0.0299910595924
981	3.12377819615e-44	0.0231740384299
982	3.82827675656e-39	0.131826844469
983	5.95713645548e-13	0.043161618498
984	0.0153320341122	0.0640405615432
985	1.61083261058e-06	0.0900158929815
986	4.05395340387e-06	0.0836122757932
987	1.44165413025e-56	0.0206433431219
988	3.31547584151e-59	0.132377630984
989	2.81904466001e-50	0.143158986579
990	3.39162176801e-45	0.123751022584
991	2.42431028381e-09	0.0497322568926
992	7.65804415822e-09	0.0838985514565
993	5.71793480615e-06	0.0575183413625
994	7.53440662363e-08	0.0876534235103
995	7.06520504578e-73	0.146416485648
996	2.31395742806e-05	0.0536384084807
997	1.07119179401e-11	0.103631524829
998	1.01664635185e-05	0.0556354090233
999	1.14008555133e-31	0.118426817242
